{
  "0": {
    "mean": 15.45908649572649,
    "std": 0.596884145107194
  },
  "5": {
    "mean": 15.316514962332965,
    "std": 0.9171802255242675
  },
  "10": {
    "mean": 20.022097112558217,
    "std": 3.3830377504066886
  },
  "20": {
    "mean": 54.25959002922503,
    "std": 27.993112348824702
  },
  "50": {
    "mean": 44.65631580435411,
    "std": 6.059670799029039
  }
}